-- phpMyAdmin SQL Dump
-- version 5.2.0
-- https://www.phpmyadmin.net/
--
-- GĂŠp: 127.0.0.1
-- LĂŠtrehozĂĄs ideje: 2023. MĂĄr 03. 13:22
-- KiszolgĂĄlĂł verziĂłja: 10.4.25-MariaDB
-- PHP verziĂł: 8.1.10

SET SQL_MODE = "NO_AUTO_VALUE_ON_ZERO";
START TRANSACTION;
SET time_zone = "+00:00";


/*!40101 SET @OLD_CHARACTER_SET_CLIENT=@@CHARACTER_SET_CLIENT */;
/*!40101 SET @OLD_CHARACTER_SET_RESULTS=@@CHARACTER_SET_RESULTS */;
/*!40101 SET @OLD_COLLATION_CONNECTION=@@COLLATION_CONNECTION */;
/*!40101 SET NAMES utf8mb4 */;

--
-- AdatbĂĄzis: `to-strand_bufe`
--
DROP DATABASE IF EXISTS `to-strand_bufe`;
CREATE DATABASE IF NOT EXISTS `to-strand_bufe` DEFAULT CHARACTER SET utf8 COLLATE utf8_hungarian_ci;
USE `to-strand_bufe`;
-- --------------------------------------------------------

--
-- TĂĄbla szerkezet ehhez a tĂĄblĂĄhoz `order`
--

CREATE TABLE `order` (
  `id` int(11) NOT NULL,
  `user_data_id` int(11) NOT NULL,
  `payment_id` int(11) NOT NULL,
  `status_id` int(11) NOT NULL,
  `delivery_address` varchar(70) COLLATE utf8_hungarian_ci NOT NULL,
  `time` datetime NOT NULL,
  `amount` decimal(13,2) NOT NULL,
  `comment` varchar(150) COLLATE utf8_hungarian_ci NOT NULL
) ENGINE=InnoDB DEFAULT CHARSET=utf8 COLLATE=utf8_hungarian_ci;

-- --------------------------------------------------------

--
-- TĂĄbla szerkezet ehhez a tĂĄblĂĄhoz `order_items`
--

CREATE TABLE `order_items` (
  `id` int(11) NOT NULL,
  `delivery_id` int(11) NOT NULL,
  `products_id` int(11) NOT NULL,
  `quantity` tinyint(4) NOT NULL,
  `unit_price` decimal(13,2) NOT NULL
) ENGINE=InnoDB DEFAULT CHARSET=utf8 COLLATE=utf8_hungarian_ci;

-- --------------------------------------------------------

--
-- TĂĄbla szerkezet ehhez a tĂĄblĂĄhoz `payment_method`
--

CREATE TABLE `payment_method` (
  `id` int(11) NOT NULL,
  `name` varchar(20) COLLATE utf8_hungarian_ci NOT NULL
) ENGINE=InnoDB DEFAULT CHARSET=utf8 COLLATE=utf8_hungarian_ci;

--
-- A tĂĄbla adatainak kiĂ­ratĂĄsa `payment_method`
--

INSERT INTO `payment_method` (`id`, `name`) VALUES
(1, 'bankkĂĄrtya'),
(2, 'kĂŠszpĂŠnz'),
(3, 'SZĂP');

-- --------------------------------------------------------

--
-- TĂĄbla szerkezet ehhez a tĂĄblĂĄhoz `products`
--

CREATE TABLE `products` (
  `id` int(11) NOT NULL,
  `category_id` int(11) NOT NULL,
  `type` bit(2) NOT NULL,
  `nev` varchar(50) COLLATE utf8_hungarian_ci NOT NULL,
  `description` varchar(250) COLLATE utf8_hungarian_ci NOT NULL,
  `image` longblob NOT NULL,
  `unit_price` decimal(13,2) NOT NULL
) ENGINE=InnoDB DEFAULT CHARSET=utf8 COLLATE=utf8_hungarian_ci;

--
-- A tĂĄbla adatainak kiĂ­ratĂĄsa `products`
--

INSERT INTO `products` (`id`, `category_id`, `type`, `nev`, `description`, `image`, `unit_price`) VALUES
(1, 7, b'00', 'Soproni', '', '', '580.00'),
(2, 7, b'00', 'Soproni MangĂł', '', '', '650.00'),
(3, 7, b'00', 'Soproni IPA', '', '', '650.00'),
(4, 7, b'00', 'Soproni APA', '', '', '650.00'),
(5, 7, b'00', 'Soproni DĂŠmon', '', '', '650.00'),
(6, 7, b'00', 'Soproni BĂşza', '', '', '650.00'),
(7, 7, b'00', 'Soproni Radler 0,0% Meggy-Citrom', '', '', '580.00'),
(8, 7, b'00', 'Soproni Radler 0,0% Bodza-Citrom', '', '', '580.00'),
(9, 7, b'00', 'Dreher', '', '', '580.00'),
(10, 7, b'00', 'GĂśsser NaturZitrone 0,0% Citrom', '', '', '580.00'),
(11, 7, b'00', 'GĂśsser NaturZitrone 0,0% Ăfonya-Citrom', '', '', '580.00'),
(12, 7, b'00', 'GĂśsser NaturZitrone 0,0% MangĂł-Citrom', '', '', '580.00'),
(13, 7, b'00', 'GĂśsser NaturZitrone 0,0% Dinnye-Lime', '', '', '580.00'),
(14, 7, b'00', 'Heineiken', '', '', '650.00'),
(15, 7, b'00', 'Heineiken 0,0%', '', '', '650.00'),
(16, 7, b'00', 'Heineiken Silver 0,3 dl', '', '', '600.00'),
(17, 7, b'00', 'Somersby Alma', '', '', '650.00'),
(18, 7, b'00', 'Somersby KĂśrte', '', '', '650.00'),
(19, 8, b'00', 'Pepsi 0,5l', '', '', '590.00'),
(20, 8, b'00', 'Pepsi Max 0,5l', '', '', '590.00'),
(21, 8, b'00', 'Pepsi Max MangĂł 0,5l', '', '', '590.00'),
(22, 8, b'00', 'Pepsi Max Lime 0,5l', '', '', '590.00'),
(23, 8, b'00', 'Pepsi Max AnanĂĄsz-Menta 0,5l', '', '', '590.00'),
(24, 8, b'00', 'Schweppes Narancs 0,5l', '', '', '590.00'),
(25, 8, b'00', 'Schweppes Citruc 0,5l', '', '', '590.00'),
(26, 8, b'00', 'Schweppes Tonic 0,5l', '', '', '590.00'),
(27, 8, b'00', 'Lipton Citrom 0,5l', '', '', '590.00'),
(28, 8, b'00', 'Lipton Barack 0,5l', '', '', '590.00'),
(29, 8, b'00', 'Lipton ZĂśld 0,5l', '', '', '590.00'),
(30, 8, b'00', 'Canada Dry 0,5l', '', '', '590.00'),
(31, 8, b'00', 'Theodora szĂŠnsavmentes 0,5l', '', '', '400.00'),
(32, 8, b'00', 'Theodora szĂŠnsavas 0,5l', '', '', '400.00'),
(33, 1, b'01', 'Sima', '', '', '800.00'),
(34, 1, b'01', 'Sajtos', '', '', '1000.00'),
(35, 1, b'01', 'TejfĂślĂśs', '', '', '1000.00'),
(36, 1, b'01', 'Sajtos tejfĂślĂśs', '', '', '1200.00'),
(37, 1, b'01', 'Sajtos tejfĂślĂśs lilahagymĂĄs', '', '', '1350.00'),
(38, 1, b'01', 'Sajtos tejfĂślĂśs paradicsomkarkikĂĄs', '', '', '1350.00'),
(39, 2, b'01', 'Csirke nuggets (10db) +Ăśntet', '', '', '2200.00'),
(40, 2, b'01', 'RĂĄntott csirkemell', '', '', '2500.00'),
(41, 2, b'01', 'RĂĄntott szelet', '', '', '2500.00'),
(42, 2, b'01', 'RĂĄntott sajt', '', '', '2400.00'),
(43, 2, b'01', 'Gyros tĂĄl', '', '', '2800.00'),
(44, 2, b'01', 'Hekk', '', '', '2000.00'),
(45, 3, b'01', 'Sima', '', '', '1300.00'),
(46, 3, b'01', 'Sajtburger', '', '', '1600.00'),
(47, 3, b'01', 'BBQ burger', '', '', '1500.00'),
(48, 3, b'01', 'ĂrdĂśg burger', '', '', '1500.00'),
(49, 3, b'01', 'Vega burger', '', '', '1600.00'),
(50, 4, b'01', 'Sima', '', '', '650.00'),
(51, 4, b'01', 'PirĂ­tott hagymĂĄs', '', '', '750.00'),
(52, 4, b'01', 'Sajtos', '', '', '800.00'),
(53, 4, b'01', 'Sajtos-PirĂ­tott hagymĂĄs', '', '', '850.00'),
(54, 4, b'01', 'ZĂśldsĂŠges', '', '', '750.00'),
(55, 5, b'01', 'HasĂĄbburgonya (kis adag)', '', '', '650.00'),
(56, 5, b'01', 'HasĂĄbburgonya (nagy adag)', '', '', '900.00'),
(57, 5, b'01', 'Hagymakarika +Ăśntet', '', '', '1400.00'),
(58, 5, b'01', 'SavanyĂşsĂĄg (vegyes)', '', '', '750.00'),
(59, 5, b'01', 'KenyĂŠr (2 szelet)', '', '', '250.00'),
(60, 9, b'01', 'Ketchup', '', '', '300.00'),
(61, 9, b'01', 'MajonĂŠz', '', '', '300.00'),
(62, 9, b'01', 'MustĂĄr', '', '', '300.00'),
(63, 9, b'01', 'BBQ szĂłsz', '', '', '300.00'),
(64, 9, b'01', 'Tzatziki', '', '', '400.00'),
(65, 9, b'01', 'FokhagymĂĄs tejfĂśl', '', '', '400.00'),
(66, 9, b'01', 'CsĂ­pĹs Ăśntet', '', '', '400.00'),
(67, 6, b'01', 'LekvĂĄros palacsinta (2db)', '', '', '500.00'),
(68, 6, b'01', 'KakaĂłs palacsinta (2db)', '', '', '500.00'),
(69, 6, b'01', 'TĂşrĂłs palacsinta (2db)', '', '', '500.00'),
(70, 6, b'01', 'MogyorĂłkrĂŠmes palacsinta (2db)', '', '', '500.00');

-- --------------------------------------------------------

--
-- TĂĄbla szerkezet ehhez a tĂĄblĂĄhoz `product_category`
--

CREATE TABLE `product_category` (
  `id` int(11) NOT NULL,
  `type` bit(2) NOT NULL,
  `catname` varchar(30) COLLATE utf8_hungarian_ci NOT NULL
) ENGINE=InnoDB DEFAULT CHARSET=utf8 COLLATE=utf8_hungarian_ci;

--
-- A tĂĄbla adatainak kiĂ­ratĂĄsa `product_category`
--

INSERT INTO `product_category` (`id`, `type`, `catname`) VALUES
(1, b'01', 'lĂĄngos'),
(2, b'01', 'frissensĂźltek'),
(3, b'01', 'hamburgerek'),
(4, b'01', 'hot-dogok'),
(5, b'01', 'kĂśretek'),
(6, b'01', 'desszertek'),
(7, b'00', 'alkoholos'),
(8, b'00', 'ĂźdĂ­tĹk'),
(9, b'01', 'Ăśntetek');

-- --------------------------------------------------------

--
-- TĂĄbla szerkezet ehhez a tĂĄblĂĄhoz `residence`
--

CREATE TABLE `residence` (
  `id` int(11) NOT NULL,
  `user_id` int(11) NOT NULL,
  `residence_id` int(11) NOT NULL,
  `delivery_address` varchar(70) COLLATE utf8_hungarian_ci NOT NULL,
  `comment` varchar(150) COLLATE utf8_hungarian_ci NOT NULL
) ENGINE=InnoDB DEFAULT CHARSET=utf8 COLLATE=utf8_hungarian_ci;

-- --------------------------------------------------------

--
-- TĂĄbla szerkezet ehhez a tĂĄblĂĄhoz `status`
--

CREATE TABLE `status` (
  `id` int(11) NOT NULL,
  `name` varchar(20) COLLATE utf8_hungarian_ci NOT NULL
) ENGINE=InnoDB DEFAULT CHARSET=utf8 COLLATE=utf8_hungarian_ci;

--
-- A tĂĄbla adatainak kiĂ­ratĂĄsa `status`
--

INSERT INTO `status` (`id`, `name`) VALUES
(1, 'megrendelve'),
(2, 'Ăşton'),
(3, 'kiszĂĄllĂ­tva'),
(4, 'hiba');

-- --------------------------------------------------------

--
-- TĂĄbla szerkezet ehhez a tĂĄblĂĄhoz `town_name`
--

CREATE TABLE `town_name` (
  `id` int(11) NOT NULL,
  `name` varchar(20) COLLATE utf8_hungarian_ci NOT NULL,
  `postal_code` smallint(4) NOT NULL
) ENGINE=InnoDB DEFAULT CHARSET=utf8 COLLATE=utf8_hungarian_ci;

--
-- A tĂĄbla adatainak kiĂ­ratĂĄsa `town_name`
--

INSERT INTO `town_name` (`id`, `name`, `postal_code`) VALUES
(1, 'BĂĄnk', 2653),
(2, 'RĂŠtsĂĄg', 2651),
(3, 'TolmĂĄcs', 2657),
(4, 'NĹtincs', 2610),
(5, 'FelsĹpetĂŠny', 2611),
(6, 'RomhĂĄny', 2654),
(7, 'SzĂĄtok', 2656),
(8, 'Tereske', 2642);

-- --------------------------------------------------------

--
-- TĂĄbla szerkezet ehhez a tĂĄblĂĄhoz `user_data`
--

CREATE TABLE `user_data` (
  `id` int(11) NOT NULL,
  `residence_id` int(11) NOT NULL,
  `user_name` varchar(20) COLLATE utf8_hungarian_ci NOT NULL,
  `phone_number` varchar(20) COLLATE utf8_hungarian_ci NOT NULL,
  `email` varchar(35) COLLATE utf8_hungarian_ci NOT NULL,
  `password` varchar(40) COLLATE utf8_hungarian_ci NOT NULL,
  `permission` tinyint(1) NOT NULL
) ENGINE=InnoDB DEFAULT CHARSET=utf8 COLLATE=utf8_hungarian_ci;

--
-- A tĂĄbla adatainak kiĂ­ratĂĄsa `user_data`
--

INSERT INTO `user_data` (`id`, `residence_id`, `user_name`, `phone_number`, `email`, `password`, `permission`) VALUES
(1, 0, 'admin', '', '', 'd033e22ae348aeb5660fc2140aec35850c4da997', 0),
(2, 0, 'mari', '06706521527', 'mari@gmail.com', '5d95cb27f49aafe1eac579adf55ae18deeb49b8c', 1);

--
-- Indexek a kiĂ­rt tĂĄblĂĄkhoz
--

--
-- A tĂĄbla indexei `order`
--
ALTER TABLE `order`
  ADD PRIMARY KEY (`id`),
  ADD KEY `fiok_adatok_FK_idx` (`user_data_id`),
  ADD KEY `fiok_adatok_FK2_idx` (`user_data_id`),
  ADD KEY `rendeles_fiok_adatok_FK_idx` (`user_data_id`),
  ADD KEY `allapot_FK_idx` (`status_id`),
  ADD KEY `fizetesi_modszer_FK_idx` (`payment_id`);

--
-- A tĂĄbla indexei `order_items`
--
ALTER TABLE `order_items`
  ADD PRIMARY KEY (`id`),
  ADD KEY `rendeles_FK_idx` (`delivery_id`),
  ADD KEY `ter,elel_FK_idx` (`products_id`);

--
-- A tĂĄbla indexei `payment_method`
--
ALTER TABLE `payment_method`
  ADD PRIMARY KEY (`id`);

--
-- A tĂĄbla indexei `products`
--
ALTER TABLE `products`
  ADD PRIMARY KEY (`id`),
  ADD KEY `kategoriak_FK_idx` (`category_id`);

--
-- A tĂĄbla indexei `product_category`
--
ALTER TABLE `product_category`
  ADD PRIMARY KEY (`id`);

--
-- A tĂĄbla indexei `residence`
--
ALTER TABLE `residence`
  ADD PRIMARY KEY (`id`),
  ADD KEY `telepules_nev_FK_idx` (`residence_id`),
  ADD KEY `fiok_adatok_FK_idx` (`user_id`);

--
-- A tĂĄbla indexei `status`
--
ALTER TABLE `status`
  ADD PRIMARY KEY (`id`);

--
-- A tĂĄbla indexei `town_name`
--
ALTER TABLE `town_name`
  ADD PRIMARY KEY (`id`);

--
-- A tĂĄbla indexei `user_data`
--
ALTER TABLE `user_data`
  ADD PRIMARY KEY (`id`);

--
-- A kiĂ­rt tĂĄblĂĄk AUTO_INCREMENT ĂŠrtĂŠke
--

--
-- AUTO_INCREMENT a tĂĄblĂĄhoz `order`
--
ALTER TABLE `order`
  MODIFY `id` int(11) NOT NULL AUTO_INCREMENT;

--
-- AUTO_INCREMENT a tĂĄblĂĄhoz `order_items`
--
ALTER TABLE `order_items`
  MODIFY `id` int(11) NOT NULL AUTO_INCREMENT;

--
-- AUTO_INCREMENT a tĂĄblĂĄhoz `payment_method`
--
ALTER TABLE `payment_method`
  MODIFY `id` int(11) NOT NULL AUTO_INCREMENT, AUTO_INCREMENT=4;

--
-- AUTO_INCREMENT a tĂĄblĂĄhoz `products`
--
ALTER TABLE `products`
  MODIFY `id` int(11) NOT NULL AUTO_INCREMENT, AUTO_INCREMENT=71;

--
-- AUTO_INCREMENT a tĂĄblĂĄhoz `product_category`
--
ALTER TABLE `product_category`
  MODIFY `id` int(11) NOT NULL AUTO_INCREMENT, AUTO_INCREMENT=10;

--
-- AUTO_INCREMENT a tĂĄblĂĄhoz `residence`
--
ALTER TABLE `residence`
  MODIFY `id` int(11) NOT NULL AUTO_INCREMENT;

--
-- AUTO_INCREMENT a tĂĄblĂĄhoz `status`
--
ALTER TABLE `status`
  MODIFY `id` int(11) NOT NULL AUTO_INCREMENT, AUTO_INCREMENT=5;

--
-- AUTO_INCREMENT a tĂĄblĂĄhoz `town_name`
--
ALTER TABLE `town_name`
  MODIFY `id` int(11) NOT NULL AUTO_INCREMENT, AUTO_INCREMENT=9;

--
-- AUTO_INCREMENT a tĂĄblĂĄhoz `user_data`
--
ALTER TABLE `user_data`
  MODIFY `id` int(11) NOT NULL AUTO_INCREMENT, AUTO_INCREMENT=3;

--
-- MegkĂśtĂŠsek a kiĂ­rt tĂĄblĂĄkhoz
--

--
-- MegkĂśtĂŠsek a tĂĄblĂĄhoz `order`
--
ALTER TABLE `order`
  ADD CONSTRAINT `allapotk_FK` FOREIGN KEY (`status_id`) REFERENCES `status` (`id`) ON DELETE NO ACTION ON UPDATE NO ACTION,
  ADD CONSTRAINT `fizetesi_modszer_FK` FOREIGN KEY (`payment_id`) REFERENCES `payment_method` (`id`) ON DELETE NO ACTION ON UPDATE NO ACTION;

--
-- MegkĂśtĂŠsek a tĂĄblĂĄhoz `order_items`
--
ALTER TABLE `order_items`
  ADD CONSTRAINT `lategoriak_FK` FOREIGN KEY (`products_id`) REFERENCES `product_category` (`id`) ON DELETE NO ACTION ON UPDATE NO ACTION,
  ADD CONSTRAINT `rendeles_FK` FOREIGN KEY (`delivery_id`) REFERENCES `order` (`id`) ON DELETE NO ACTION ON UPDATE NO ACTION,
  ADD CONSTRAINT `termekek_FK` FOREIGN KEY (`products_id`) REFERENCES `products` (`id`) ON DELETE NO ACTION ON UPDATE NO ACTION;

--
-- MegkĂśtĂŠsek a tĂĄblĂĄhoz `residence`
--
ALTER TABLE `residence`
  ADD CONSTRAINT `fiok_adatok_FK` FOREIGN KEY (`user_id`) REFERENCES `user_data` (`id`) ON DELETE NO ACTION ON UPDATE NO ACTION,
  ADD CONSTRAINT `telepules_nev_FK` FOREIGN KEY (`residence_id`) REFERENCES `town_name` (`id`) ON DELETE NO ACTION ON UPDATE NO ACTION;
COMMIT;

/*!40101 SET CHARACTER_SET_CLIENT=@OLD_CHARACTER_SET_CLIENT */;
/*!40101 SET CHARACTER_SET_RESULTS=@OLD_CHARACTER_SET_RESULTS */;
/*!40101 SET COLLATION_CONNECTION=@OLD_COLLATION_CONNECTION */;
